statistic,LSTM,S4DFT
nse,0.6833759677419354,0.6281605483870969
kge,0.7176489354838711,0.5575112903225807
kge_r,0.8367400322580644,0.8243927741935483
fhv_2,-30.549415193548388,-41.62507983870968
flv,58.26615961290323,-69.56570661290323
bias,-5.0294816129032265,-27.988171677419356
